sentence_id,original,error_rate,corrupted,translation,cosine_distance,euclidean_distance,word_count
1,Scientists discovered a remarkable new species of butterfly in the remote Amazon rainforest during their expedition last year.,0.0,Scientists discovered a remarkable new species of butterfly in the remote Amazon rainforest during their expedition last year.,Scientists discovered a remarkable new species of butterfly in the remote Amazon rainforest during their expedition last year.,0.0,0.0,18
1,Scientists discovered a remarkable new species of butterfly in the remote Amazon rainforest during their expedition last year.,0.05,Scientistp discpvered a remarkabl neww sspecies of nutterfly in thw temote Amqzon rainfofest during thiir expeditiln laat yrar.,Scientistp discpvered a remarkabl neww sspecies of nutterfly in thw temote Amqzon rainfofest during thiir expeditiln laat yrar.,0.638324499130249,1.129888892173767,18
1,Scientists discovered a remarkable new species of butterfly in the remote Amazon rainforest during their expedition last year.,0.1,Sjientists discoovered a remarkabe neg specied of buttervly in thhe rempte Amazoh raibforest durimg ttheir expedieion laxt yyear.,Sjientists discoovered a remarkabe neg specied of buttervly in thhe rempte Amazoh raibforest durimg ttheir expedieion laxt yyear.,1.0151287317276,1.4248709678649902,18
1,Scientists discovered a remarkable new species of butterfly in the remote Amazon rainforest during their expedition last year.,0.15000000000000002,Sciehtists disscovered a remarmable ne specoes of butgerfly in tthe eemote Amzon raiforest durint thir expedigion laast ysar.,Sciehtists disscovered a remarmable ne specoes of butgerfly in tthe eemote Amzon raiforest durint thir expedigion laast ysar.,0.5864968299865723,1.0830483436584473,18
1,Scientists discovered a remarkable new species of butterfly in the remote Amazon rainforest during their expedition last year.,0.2,Svientisys eiscoverred a rrejarkable ndw sprcies of buttercly in tne remotee Wmazon ranfnrest duting theor wxpedktion lasw yewr.,Svientisys eiscoverred a rrejarkable ndw sprcies of buttercly in tne remotee Wmazon ranfnrest duting aor wxpedktion lasw yewr.,1.007773756980896,1.419699788093567,18
1,Scientists discovered a remarkable new species of butterfly in the remote Amazon rainforest during their expedition last year.,0.25,Scientkstts discoverdd a jemsrkable nnew speces of buuterflly in ghe romote Vmazon tainforesr duriny theor expeditih yast yeear.,Scientkstts discoverdd a jemsrkable nnew speces of buuterflly in ghe romote Vmazon tainforesr duriny aor expeditih yast yeear.,0.9267687201499939,1.361446738243103,18
1,Scientists discovered a remarkable new species of butterfly in the remote Amazon rainforest during their expedition last year.,0.30000000000000004,Sxiensts disovetef a remwrrkablle nw pecie of butyerrfly in yhe reemote Amaaon raiinfrext yuring ttheir expdditrob lst yezr.,Sxiensts disovetef a remwrrkablle nw pecie of butyerrfly in yhe reemote Amaaon raiinfrext yuring tair expdditrob lst yezr.,1.0085595846176147,1.4202531576156616,18
1,Scientists discovered a remarkable new species of butterfly in the remote Amazon rainforest during their expedition last year.,0.35000000000000003,Sienntiats discovvezd a remsrkabllw mew epeies of buutterfkr in thhe rekkte Ajazod taindorst ddurring theif esedimion lst yea.,Sienntiats discovvezd a remsrkabllw mew epeies of buutterfkr in thhe rekkte Ajazod taindorst ddurring aif esedimion lst yea.,1.0277149677276611,1.433677077293396,18
1,Scientists discovered a remarkable new species of butterfly in the remote Amazon rainforest during their expedition last year.,0.4,Zcienntisttw disfoverrx a remmaarksbl bew spciss of gutrdrfly in thhe remotn Amazzoz raalnoresy duoini reir xedditiin las deat.,Zcienntisttw disfoverrx a remmaarksbl bew spciss of gutrdrfly in,1.0456643104553223,1.4461426734924316,18
1,Scientists discovered a remarkable new species of butterfly in the remote Amazon rainforest during their expedition last year.,0.45,Scentmwtss eiscovvrred a rejarkjbw new spxcip of brtysrly in thee remogw Qmazjn xaihffirest durog thekf exppdizio lwst yyeqr.,Scentmwtss eiscovvrred a rejarkjbw new spxcip of brtysrly in,0.9734857678413391,1.3953392505645752,18
1,Scientists discovered a remarkable new species of butterfly in the remote Amazon rainforest during their expedition last year.,0.5,Sxisnixtc duzclgerrd a emafkbo nen weies of buttblt in he rdotee kazonn aiibgoreest dyhijg tbei nxxleituon asg ueaf.,Sxisnixtc duzclgerrd a emafkbo nen weies of buttblt in,1.093285083770752,1.4787055253982544,18
2,The research team published groundbreaking findings about climate change impacts on marine ecosystems in the Pacific Ocean.,0.0,The research team published groundbreaking findings about climate change impacts on marine ecosystems in the Pacific Ocean.,The research team published groundbreaking findings about climate change impacts on marine ecosystems in the Pacific Ocean.,0.0,0.0,17
2,The research team published groundbreaking findings about climate change impacts on marine ecosystems in the Pacific Ocean.,0.05,Th researfh teqm publishhed groundbrsaking fiddings abut coimate chabge impactq on matine eccosystems in te Paciffic OOcean.,Th researfh teqm publishhed groundbrsaking fiddings abut coimate chabge impactq on matine eccosystems in te Paciffic OOcean.,0.7829121351242065,1.251328945159912,17
2,The research team published groundbreaking findings about climate change impacts on marine ecosystems in the Pacific Ocean.,0.1,Tht reearch eam pyblished groundbreakivg findngs aboit climte cjange impactss on marrine ecosysgems in thd Oacific Oxean.,Tht reearch eam pyblished groundbreakivg findngs aboit climte cjange impactss on marrine ecosysgems in thd Oacific Oxean.,0.6893249750137329,1.1741591691970825,17
2,The research team published groundbreaking findings about climate change impacts on marine ecosystems in the Pacific Ocean.,0.15000000000000002,Tje reserch teamm publshed groundbrsaming ffindings abut climatte channge ipacts on maine ecosystem in qhe Pacifid Ocea.,Tje reserch teamm publshed groundbrsaming ffindings abut climatte channge ipacts on maine ecosystem in qhe Pacifid Ocea.,0.7118363380432129,1.193177580833435,17
2,The research team published groundbreaking findings about climate change impacts on marine ecosystems in the Pacific Ocean.,0.2,Thj researfh teak pblished troundbreakinh findinggs abouy climmate ceange imppacts on marie ecosygems in ths Pacigic Oean.,Thj researfh teak pblished troundbreakinh findinggs abouy climmate ceange imppacts on marie ecosygems in ths Pacigic Oean.,0.8723706007003784,1.320886492729187,17
2,The research team published groundbreaking findings about climate change impacts on marine ecosystems in the Pacific Ocean.,0.25,Thhe eesiarch tram publlishrd vroundbeaoing fimcings aabout flimate chqnge impactts on msrine ecoytems in thhe Paciic Oceean.,Thhe eesiarch tram publlishrd vroundbeaoing fimcings aabout flimate chqnge impactts on msrine ecoytems in thhe Paciic Oceean.,0.7260936498641968,1.2050673961639404,17
2,The research team published groundbreaking findings about climate change impacts on marine ecosystems in the Pacific Ocean.,0.30000000000000004,Thr rrseaarch tea ppublshed groundheakong indijgs abbout limare chznge iopjcts on arine rcossnems in th Paciffiv Ovean.,Thr rrseaarch tea ppublshed groundheakong indijgs abbout limare chznge iopjcts on arine rcossnems in th Paciffiv Ovean.,1.0273507833480835,1.4334230422973633,17
2,The research team published groundbreaking findings about climate change impacts on marine ecosystems in the Pacific Ocean.,0.35000000000000003,Te resuarcy tea lnblishid growndrakimg rindingd abut clcmatte chandd imoacte on maarile ecoysgem in ihe Pakificc Ocdqn.,Te resuarcy tea lnblishid growndrakimg rindingd abut clcmatte ch&d imoacte on maarile ecoysgem in ihe Pakificc Ocdqn.,0.9501591920852661,1.3785202503204346,17
2,The research team published groundbreaking findings about climate change impacts on marine ecosystems in the Pacific Ocean.,0.4,Te resepexh tfam punlliwhed grlunxbeeaakkng rindfnts sout clmmate hang mnacts on mmatine eedossysems in he Pacitqc Oceg.,Te resepexh tfam punlliwhed grlunxbeeaakkng rindfnts sout clmmate,1.0606868267059326,1.4564934968948364,17
2,The research team published groundbreaking findings about climate change impacts on marine ecosystems in the Pacific Ocean.,0.45,Tbe mssearcj jeam pujiixhed guondboeziing ffundiings but clxmattee cjangge emats on marnd ecsyytrm in ghe Ptvitic cesn.,Tbe mssearcj jeam pujiixhed guondboeziing ffundiings but clxmattee,1.004728078842163,1.4175528287887573,17
2,The research team published groundbreaking findings about climate change impacts on marine ecosystems in the Pacific Ocean.,0.5,Rhe feessarrch tm puublushlg rroufreaaimg ginximgss aou clijt cabe impscctss on mmatind eccldystrks in tue Pavfig OOea.,Rhe feessarrch tm puublushlg rroufreaaimg ginximgss aou clijt,1.1330140829086304,1.5053333044052124,17
3,Astronomers detected unusual radio signals from a distant galaxy using the most advanced telescope array ever constructed.,0.0,Astronomers detected unusual radio signals from a distant galaxy using the most advanced telescope array ever constructed.,Astronomers detected unusual radio signals from a distant galaxy using the most advanced telescope array ever constructed.,0.0,0.0,17
3,Astronomers detected unusual radio signals from a distant galaxy using the most advanced telescope array ever constructed.,0.05,Zstronomers detectedd ynusual rydio signalz fom a distaant galaaxy jsing tte mot dvanced telescopd aeray evver consructed.,Zstronomers detectedd ynusual rydio signalz fom a distaant galaaxy jsing tte mot dvanced telescopd aeray evver consructed.,0.6406505107879639,1.1319457292556763,17
3,Astronomers detected unusual radio signals from a distant galaxy using the most advanced telescope array ever constructed.,0.1,Astronomerd detecte unusucl rado sinals frm a distsnt galacy sing ghe mpst advahced telescoppe arrzy evef constricted.,Astronomerd detecte unusucl rado sinals frm a distsnt galacy sing ghe mpst advahced telescoppe arrzy evef constricted.,0.6346769332885742,1.1266560554504395,17
3,Astronomers detected unusual radio signals from a distant galaxy using the most advanced telescope array ever constructed.,0.15000000000000002,Astonomers detewted unusuual rqdio siignals frzm a ditant gaalaxy usong thhe moat advancwd telescooe arraay evkr constrcted.,Astonomers detewted unusuual rqdio siignals frzm a ditant gaalaxy usong thhe moat advancwd telescooe arraay evkr constrcted.,0.9139721989631653,1.3520148992538452,17
3,Astronomers detected unusual radio signals from a distant galaxy using the most advanced telescope array ever constructed.,0.2,stronimers detectwd uunusual radiio signalls frm a disyant gslaxy jsing tthe mosh advancwd yelescope array evee consttructvd.,stronimers detectwd uunusual radiio signalls frm a disyant gslaxy jsing ta mosh advancwd yelescope array evee consttructvd.,0.5597137212753296,1.0580300092697144,17
3,Astronomers detected unusual radio signals from a distant galaxy using the most advanced telescope array ever constructed.,0.25,Qstronoers rwtected ubusual radoo signaos frim a distajt gaalaxy uskng thw mot qvanced telexcoope arraay ver cpnnstrufted.,Qstronoers rwtected ubusual radoo signaos frim a distajt gaalaxy uskng thw mot qvanced telexcoope arraay ver cpnnstrufted.,0.806064248085022,1.2696961164474487,17
3,Astronomers detected unusual radio signals from a distant galaxy using the most advanced telescope array ever constructed.,0.30000000000000004,AAstronoperw etecte unuxuao rqdio ssifnals rrom a ddisyant galaxt usijg thh mmost adjanded tmlezcope armay wver constrruxred.,AAstronoperw etecte unuxuao rqdio ssifnals rrom a ddisyant galaxt usijg thh mmost adj&ed tmlezcope armay wver constrruxred.,0.8338913917541504,1.291426658630371,17
3,Astronomers detected unusual radio signals from a distant galaxy using the most advanced telescope array ever constructed.,0.35000000000000003,Zstronodrs mtected unjsuual radie sxhnals drom a dkstang galaaxxy usiing thhe moqt advancpdd geelescopee artay wver coonssteuhted.,Zstronodrs mtected unjsuual radie sxhnals drom a dkstang galaaxxy usiing thhe moqt advancpdd geelescopee artay wver coonssteuhted.,0.8618499040603638,1.3128974437713623,17
3,Astronomers detected unusual radio signals from a distant galaxy using the most advanced telescope array ever constructed.,0.4,Aerronomdrrs ettevted unusul raii skgnas frim a dirtqnt gaaxt uusin xhe iost addancer teescood airai eever onssrruated.,Aerronomdrrs ettevted unusul raii skgnas frim a dirtqnt,0.9740352034568787,1.3957328796386719,17
3,Astronomers detected unusual radio signals from a distant galaxy using the most advanced telescope array ever constructed.,0.45,Astmoonomerr decte uunusaal jadip sighass trom a mustantt gsllaxy usibgg tha ost asvaanved gekesripe arfaay evrr coonsruuite.,Astmoonomerr decte uunusaal jadip sighass trom a mustantt,0.9546287655830383,1.3817588090896606,17
3,Astronomers detected unusual radio signals from a distant galaxy using the most advanced telescope array ever constructed.,0.5,Srtronoomerra ceeneected uhusyzl rwio wugnalls feo a distwv glxxy ussinq thhe koxt adcencc rekesfopee irfay ebr pjsttucctted.,Srtronoomerra ceeneected uhusyzl rwio wugnalls feo a distwv,0.920089602470398,1.3565319776535034,17
4,Artificial intelligence algorithms are revolutionizing healthcare diagnostics by analyzing medical images with unprecedented accuracy and speed.,0.0,Artificial intelligence algorithms are revolutionizing healthcare diagnostics by analyzing medical images with unprecedented accuracy and speed.,Artificial intelligence algorithms are revolutionizing healthcare diagnostics by analyzing medical images with unprecedented accuracy and speed.,0.0,0.0,16
4,Artificial intelligence algorithms are revolutionizing healthcare diagnostics by analyzing medical images with unprecedented accuracy and speed.,0.05,Artificiak intelligsnce algoithms ard revolutionzing healyhcare iagnostics by analyzung mediical ibages woth unpprecedented accurafy azd sleed.,Artificiak intelligsnce algoithms ard revolutionzing healyhcare iagnostics by analyzung mediical ibages woth unpprecedented accurafy azd sleed.,0.7338088154792786,1.2114527225494385,16
4,Artificial intelligence algorithms are revolutionizing healthcare diagnostics by analyzing medical images with unprecedented accuracy and speed.,0.1,Atificial inttelligence amgorithms sre revolutionzing healthcarre diqgnostics by analyzzing medicaal imaes witth unprecedentted acuracy znd spedd.,Atificial inttelligence amgorithms sre revolutionzing healthcarre diqgnostics by analyzzing medicaal imaes witth unprecedentted acuracy znd spedd.,0.7391349077224731,1.2158411741256714,16
4,Artificial intelligence algorithms are revolutionizing healthcare diagnostics by analyzing medical images with unprecedented accuracy and speed.,0.15000000000000002,Artifucial inrelligence algoritnms arx revolutuinizing hhealthcare viagnostics by analhzing medicao inages eith unprecedentld sccuracy amd sped.,Artifucial inrelligence algoritnms arx revolutuinizing hhealthcare viagnostics by analhzing medicao inages eith unprecedentld sccuracy amd sped.,0.7257034182548523,1.204743504524231,16
4,Artificial intelligence algorithms are revolutionizing healthcare diagnostics by analyzing medical images with unprecedented accuracy and speed.,0.2,Aryifivial inttelligfnce altorithhms wre revlutionizzinb healrhhcare diagnoostic by analzing meical imafes witn unpprdcedented accuravy annd spesd.,Aryifivial inttelligfnce altorithhms wre revlutionizzinb healrhhcare diagnoostic by analzing meical imafes witn unpprdcedented accuravy annd spesd.,0.9214323163032532,1.3575215339660645,16
4,Artificial intelligence algorithms are revolutionizing healthcare diagnostics by analyzing medical images with unprecedented accuracy and speed.,0.25,Artvicial inteloieence apgorithmss ate revplutioizihg heamthcarz diagnoics by anaalyyzing medicam image wiith ulrecedenteed accraxy abd spedd.,Artvicial inteloieence apgorithmss ate revplutioizihg heamthcarz diagnoics by anaalyyzing medicam image wiith ulrecedenteed accraxy abd spedd.,0.6398566961288452,1.13124418258667,16
4,Artificial intelligence algorithms are revolutionizing healthcare diagnostics by analyzing medical images with unprecedented accuracy and speed.,0.30000000000000004,Arrificall intelliggeencce algoekthmss zre reevolluyionuzing heqljhcare dfagnnstiics by wnalyzin mkdicao ijages oith lnprecoddnted adcuravy ahd speee.,Arrificall intelliggeencce algoekthmss zre reevolluyionuzing heqljhcare dfagnnstiics by wnalyzin mkdicao ijages oith lnprecoddnted adcuravy ahd speee.,0.9257777333259583,1.3607187271118164,16
4,Artificial intelligence algorithms are revolutionizing healthcare diagnostics by analyzing medical images with unprecedented accuracy and speed.,0.35000000000000003,Artkficill mneolligebce aogooxithms ara evvplutipnizinm xelthhcare diawnnotics by qnaalyzkng nedicall cmagws withh unlrecenten accercy amd apedd.,Artkficill mneolligebce aogooxithms ara evvplutipnizinm xelthhcare diawnnotics by qnaalyzkng nedicall cmagws withh unlrecenten accercy amd apedd.,0.8582733869552612,1.3101705312728882,16
4,Artificial intelligence algorithms are revolutionizing healthcare diagnostics by analyzing medical images with unprecedented accuracy and speed.,0.4,Qrttificiiak intelligdce slgorrithkd arb revlputionnisivgg hewlthdafu diagnnpsrjcs by anlazig mddical imagl wit ujprrcedeenyeb pccuoact andd epeek.,Qrttificiiak intelligdce slgorrithkd arb revlputionnisivgg hewlthdafu diagnnpsrjcs by,0.8813815116882324,1.327690839767456,16
4,Artificial intelligence algorithms are revolutionizing healthcare diagnostics by analyzing medical images with unprecedented accuracy and speed.,0.45,Arttinicisll knqeokiggence qlgorogms wre rwvvoluutiiiziing heaapthcagw dkainsticcs by aaalyrinny eiccal imaoe wiith inpgejdeented acuecy snd seed.,Arttinicisll knqeokiggence qlgorogms wre rwvvoluutiiiziing heaapthcagw dkainsticcs by,0.8762611150741577,1.3238285779953003,16
4,Artificial intelligence algorithms are revolutionizing healthcare diagnostics by analyzing medical images with unprecedented accuracy and speed.,0.5,Artuffkdiak imtrlpigeejcce qogjrritmms aree rrvolugulbiiziing hltxard cagmostccs by malyzinnt mediiccaal imqgrss wwithh uunnprrekedsnter acay end sppree.,Artuffkdiak imtrlpigeejcce qogjrritmms aree rrvolugulbiiziing hltxard cagmostccs by,0.9155479669570923,1.3531798124313354,16
5,The new quantum computer prototype demonstrates significant improvements in processing complex mathematical calculations efficiently and reliably.,0.0,The new quantum computer prototype demonstrates significant improvements in processing complex mathematical calculations efficiently and reliably.,The new quantum computer prototype demonstrates significant improvements in processing complex mathematical calculations efficiently and reliably.,0.0,0.0,16
5,The new quantum computer prototype demonstrates significant improvements in processing complex mathematical calculations efficiently and reliably.,0.05,TThe hew quamtum comouter protottype demonsgrates significan improfements in procdssing complrx mathematicsl calcuulations etficiently annd reliabky.,TThe hew quamtum comouter protottype demonsgrates significan improfements in procdssing complrx mathematicsl calcuulations etficiently annd reliabky.,0.6703401803970337,1.1578775644302368,16
5,The new quantum computer prototype demonstrates significant improvements in processing complex mathematical calculations efficiently and reliably.,0.1,Thw nmw qjantum coputer protodype demonstraates signifiant improvementss in ptocessing compkex mahematical calculatiohs efficientlh aand reliabpy.,Thw nmw qjantum coputer protodype demonstraates signifiant improvementss in ptocessing compkex mahematical calculatiohs efficientlh aand reliabpy.,0.5141701698303223,1.0140712261199951,16
5,The new quantum computer prototype demonstrates significant improvements in processing complex mathematical calculations efficiently and reliably.,0.15000000000000002,Ths ew quaantum compkter probotype demonnstrates signifiant imprvements in procbssing clmplex matyematical calculayions eficiently ahd reliaby.,Ths ew quaantum compkter probotype demonnstrates signifiant imprvements in procbssing clmplex matyematical calculayions eficiently ahd reliaby.,0.7586040496826172,1.2317500114440918,16
5,The new quantum computer prototype demonstrates significant improvements in processing complex mathematical calculations efficiently and reliably.,0.2,Tue ndw quanrum cmputer prototyce demoystrayes sibnifficant imlovements in prrpcessing commplex mathemmattical clcylations effumiently anq rdliably.,Tue ndw quanrum cmputer prototyce demoystrayes sibnifficant imlovements in prrpcessing commplex maammattical clcylations effumiently anq rdliably.,0.7108458280563354,1.1923471689224243,16
5,The new quantum computer prototype demonstrates significant improvements in processing complex mathematical calculations efficiently and reliably.,0.25,Te nvw auantum cogzuter urotottype demobsteatex zignificsnt imptovemrntx in oroccessing comlex mathematxa calvulatiodss efficiemtpy afd rriably.,Te nvw auantum cogzuter urotottype demobsteatex zignificsnt imptovemrntx in oroccessing comlex maamatxa calvulatiodss efficiemtpy afd rriably.,0.9121237993240356,1.3506470918655396,16
5,The new quantum computer prototype demonstrates significant improvements in processing complex mathematical calculations efficiently and reliably.,0.30000000000000004,Thn now qusntuz zonputer prootyoe xenonnstrates signgficaantt imprlvrzents in prrocrsxing cokplrx mathemricbl calculvtkonns wfficieenntly ajd relliaby.,Thn now qusntuz zonputer prootyoe xenonnstrates signgficaantt imprlvrzents in prrocrsxing cokplrx maamricbl calculvtkonns wfficieenntly ajd relliaby.,0.8798060417175293,1.3265037536621094,16
5,The new quantum computer prototype demonstrates significant improvements in processing complex mathematical calculations efficiently and reliably.,0.35000000000000003,Thj nee quqntun computiz orroiotype demonsrzrees signikucanr improovenntss in ptpcessingg cimpcex mattheemaaical calcukwfioons efficoenylu ajd reelifblu.,Thj nee quqntun computiz orroiotype demonsrzrees signikucanr improovenntss in ptpcessingg cimpcex mataemaaical calcukwfioons efficoenylu ajd reelifblu.,0.9858592748641968,1.4041788578033447,16
5,The new quantum computer prototype demonstrates significant improvements in processing complex mathematical calculations efficiently and reliably.,0.4,he nsw qunngum ccomptef prroototyie reemlnstraes sggniricanp oprpvementx in lroxewsilg fommplex mlrhemmtcal caxultionns efocienyly amd relrboy.,he nsw qunngum ccomptef prroototyie reemlnstraes sggniricanp oprpvementx,0.9626336693763733,1.3875399827957153,16
5,The new quantum computer prototype demonstrates significant improvements in processing complex mathematical calculations efficiently and reliably.,0.45,TThe nww wuanjm cpmpuuteer prntooyypee sempnnstxktes ssiggnificwnnt immrohmentss in lrocsssinnr cpmlleq maatemkcal ccavulaatipns eftifiehrly ad elmqly.,TThe nww wuanjm cpmpuuteer prntooyypee sempnnstxktes ssiggnificwnnt immrohmentss,0.9805755615234375,1.4004110097885132,16
5,The new quantum computer prototype demonstrates significant improvements in processing complex mathematical calculations efficiently and reliably.,0.5,TThe nei qqntur commpyqr prorltyyppe cempbstage siigffofant ikpptovmenz in pprxchshinf cple mwthmsyicczl alduatilw eckxientl ad riiabl.,TThe nei qqntur commpyqr prorltyyppe cempbstage siigffofant ikpptovmenz,0.9342488646507263,1.3669300079345703,16
6,Software engineers developed an innovative application that helps students learn programming languages through interactive games and challenges.,0.0,Software engineers developed an innovative application that helps students learn programming languages through interactive games and challenges.,Software engineers developed an innovative application that helps students learn programming languages through interactive games and challenges.,0.0,0.0,17
6,Software engineers developed an innovative application that helps students learn programming languages through interactive games and challenges.,0.05,Sftware engineets develpped an innovatve appllication thzt hdlps studenta lern programminv anguages throfgh interactife gwmes ana challvnges.,Sftware engineets develpped an innovatve appllication thzt hdlps studenta lern programminv anguages throfgh interactife gwmes ana challvnges.,0.5209578275680542,1.020742654800415,17
6,Software engineers developed an innovative application that helps students learn programming languages through interactive games and challenges.,0.1,Softwars engineerrs degeloped an innovattive applicayion thdt helpss sudents learx programmming languags thqough interactige gams snd challlenges.,Softwars engineerrs degeloped an innovattive applicayion thdt helpss sudents learx programmming languags thqough interactige gams snd challlenges.,0.5054149627685547,1.0054004192352295,17
6,Software engineers developed an innovative application that helps students learn programming languages through interactive games and challenges.,0.15000000000000002,Aoftware enginneers deveeloped an innovqtive appliration tht hhelps studenti learm protramming languagges thrugh interative fames snd challnges.,Aoftware enginneers deveeloped an innovqtive appliration tht hhelps studenti learm protramming languagges thrugh interative fames snd challnges.,0.5641564130783081,1.0622206926345825,17
6,Software engineers developed an innovative application that helps students learn programming languages through interactive games and challenges.,0.2,oftware enginecrs developes an innvativve aplicatiin tthat heelps sgudents learrn prpgramsing lqnguages thtough intteractioe gayes bnd fhallenfes.,oftware enginecrs developes an innvativve aplicatiin tthat heelps sgudents learrn prpgramsing lqnguages thtough intteractioe gayes bnd fhallenfes.,0.7081680297851562,1.1900992393493652,17
6,Software engineers developed an innovative application that helps students learn programming languages through interactive games and challenges.,0.25,Softwaae ingiheers devwlped an innovswive applicaayion hat hdlps xtudrnts learj plogramminng lanfuges throug knteravtive gamws aand callengee.,Softwaae ingiheers devwlped an innovswive applicaayion hat hdlps xtudrnts learj plogramminng lanfuges throug knteravtive gamws a& callengee.,0.8012356162071228,1.2658876180648804,17
6,Software engineers developed an innovative application that helps students learn programming languages through interactive games and challenges.,0.30000000000000004,Softwuree rgineers deevsloped an onnovqtiive appplkcatio thqt gelps sgndents leearn pogrammmiug anguage tthrrough intnrracsive gamex cnd cnalllengges.,Softwuree rgineers deevsloped an onnovqtiive appplkcatio thqt gelps sgndents leearn pogrammmiug anguage tthrrough intnrracsive gamex cnd cnalllengges.,0.6338370442390442,1.1259102821350098,17
6,Software engineers developed an innovative application that helps students learn programming languages through interactive games and challenges.,0.35000000000000003,Sofiwar ebgiedrs deveeloppd an innoovattvve applitioj thag helpe studdedts learrn programmjiny lanyuqgds ttrough znteradive names annd chhaldnges.,Sofiwar ebgiedrs deveeloppd an innoovattvve applitioj thag helpe studdedts learrn programmjiny lanyuqgds ttrough znteradive names annd chhaldnges.,0.6545923948287964,1.1441961526870728,17
6,Software engineers developed an innovative application that helps students learn programming languages through interactive games and challenges.,0.4,Sctwqre enginnerx deevrlpped an innnovwtir aeicatin tbat hepps stdwts lehwn protrammmohg llanuagen thruggh hgeracive ganees nd chhalllsnes.,Sctwqre enginnerx deevrlpped an innnovwtir aeicatin tbat hepps,0.8921242952346802,1.3357577323913574,17
6,Software engineers developed an innovative application that helps students learn programming languages through interactive games and challenges.,0.45,Jlftwate emgihedzs devoooppwd an inooltiv apllictdln thatt hellls stqdcnte lleaarn progrraqmming oanguaaggrs tooygh onnteracivve amez an czallqbgees.,Jlftwate emgihedzs devoooppwd an inooltiv apllictdln thatt hellls,0.7440683841705322,1.219892144203186,17
6,Software engineers developed an innovative application that helps students learn programming languages through interactive games and challenges.,0.5,Sogarre ehgierv devoopr an imnlatcvr aoppliatuob gat heellps syuudenns teorn loogtmjing llangugg thriuk ihterqcttovd amees an chslosnye.,Sogarre ehgierv devoopr an imnlatcvr aoppliatuob gat heellps,0.8755165338516235,1.3232660293579102,17
7,The ancient redwood forest ecosystem supports thousands of unique plant and animal species found nowhere else on Earth.,0.0,The ancient redwood forest ecosystem supports thousands of unique plant and animal species found nowhere else on Earth.,The ancient redwood forest ecosystem supports thousands of unique plant and animal species found nowhere else on Earth.,0.0,0.0,18
7,The ancient redwood forest ecosystem supports thousands of unique plant and animal species found nowhere else on Earth.,0.05,Tne anciennt redwod orest ecoshstem sjpports thousans of uniqqe nlant ann animwl swecies fourd nowyere qlse on Darth.,Tne anciennt redwod orest ecoshstem sjpports thousans of uniqqe nlant ann animwl swecies fourd nowyere qlse on Darth.,0.9372067451477051,1.3690922260284424,18
7,The ancient redwood forest ecosystem supports thousands of unique plant and animal species found nowhere else on Earth.,0.1,Rhe ancoent fedwood foreat ecoscstem suppors thousand of uniqye plabt aand anima xpecies fouxd nowhee elsw on EEarth.,Rhe ancoent fedwood foreat ecoscstem suppors thousand of uniqye plabt aand anima xpecies fouxd nowhee elsw on EEarth.,0.8468724489212036,1.3014395236968994,18
7,The ancient redwood forest ecosystem supports thousands of unique plant and animal species found nowhere else on Earth.,0.15000000000000002,TThe abcient redood orest ecosyxtem suoports thouands of nnique plany aand anumal sspecies ffound nowhhere epse on Eprth.,TThe abcient redood orest ecosyxtem suoports thouands of nnique plany aand anumal sspecies ffound nowhhere epse on Eprth.,0.9678711295127869,1.3913094997406006,18
7,The ancient redwood forest ecosystem supports thousands of unique plant and animal species found nowhere else on Earth.,0.2,Thhe hncient rredwood qorest eosystem supporrts thosands of uniwue plaht ans snimal spexies fiund nowhery elde on Eartth.,Thhe hncient rredwood qorest eosystem supporrts thos&s of uniwue plaht ans snimal spexies fiund nowhery elde on Eartth.,0.8527497053146362,1.3059476613998413,18
7,The ancient redwood forest ecosystem supports thousands of unique plant and animal species found nowhere else on Earth.,0.25,Te ancint redwogd firest cosywtem sjpports thounds of ufique plamt qnd amimal spcies founv nowere ele on Earrth.,Te ancint redwogd firest cosywtem sjpports thounds of ufique plamt qnd amimal spcies founv nowere ele on Earrth.,1.0457178354263306,1.4461796283721924,18
7,The ancient redwood forest ecosystem supports thousands of unique plant and animal species found nowhere else on Earth.,0.30000000000000004,Thw anckeht rwdwhod fores ecosysstm sippports tbousanrs of uniique lant nnd ajimal apscies oound nosheere elsr on Eartg.,Thw anckeht rwdwhod fores ecosysstm sippports tbousanrs of uniique lant nnd ajimal apscies oound nosheere elsr on Eartg.,0.8978695273399353,1.3400518894195557,18
7,The ancient redwood forest ecosystem supports thousands of unique plant and animal species found nowhere else on Earth.,0.35000000000000003,Rhe bhcient rlewood fordzt ecodrsstem siports hmusandds of bique plznt aand animqd ssoecies fouqd nowre elsi on Eattp.,Rhe bhcient rlewood fordzt ecodrsstem siports hmus&ds of bique plznt a& animqd ssoecies fouqd nowre elsi on Eattp.,0.9500395059585571,1.3784334659576416,18
7,The ancient redwood forest ecosystem supports thousands of unique plant and animal species found nowhere else on Earth.,0.4,Te ancieenr redooy fonesy ecosysrvk xupplrgs toousans of uniuee laet wnd andmwl speeciex dounnd npwhere wlse on Eaafth.,Te ancieenr redooy fonesy ecosysrvk xupplrgs toousans of uniuee,0.9418839812278748,1.3725042343139648,18
7,The ancient redwood forest ecosystem supports thousands of unique plant and animal species found nowhere else on Earth.,0.45,Te kcien reddwpsd foeesv ecoydwm suplirtts tthtusajdu of unqje olwnt ind vnymal suwcied func nnowyer elsse on Eatthh.,Te kcien reddwpsd foeesv ecoydwm suplirtts tthtusajdu of unqje,0.9297794103622437,1.3636564016342163,18
7,The ancient redwood forest ecosystem supports thousands of unique plant and animal species found nowhere else on Earth.,0.5,Th ajaiient rrdwlox rwtest evlsysydm auppltss tgoumznss of mniwde poamt akd anknwl sspgciies flunnd nuwwhsre eelss on Eaarfr.,Th ajaiient rrdwlox rwtest evlsysydm auppltss tgoumznss of mniwde,0.9107693433761597,1.3496439456939697,18
8,Marine biologists observed fascinating behaviors in dolphin pods communicating through sophisticated patterns of clicks and whistles underwater.,0.0,Marine biologists observed fascinating behaviors in dolphin pods communicating through sophisticated patterns of clicks and whistles underwater.,Marine biologists observed fascinating behaviors in dolphin pods communicating through sophisticated patterns of clicks and whistles underwater.,0.0,0.0,17
8,Marine biologists observed fascinating behaviors in dolphin pods communicating through sophisticated patterns of clicks and whistles underwater.,0.05,Marrine biiologists oaserved fqscinating behavioors in dolplin pids communicaying thiough solhisticated patternss of cliks nd whistlss undeerwater.,Marrine biiologists oaserved fqscinating behavioors in dolplin pids communicaying thiough solhisticated patternss of cliks nd whistlss undeerwater.,0.6918943524360657,1.1763454675674438,17
8,Marine biologists observed fascinating behaviors in dolphin pods communicating through sophisticated patterns of clicks and whistles underwater.,0.1,Jarine biologista obserrved fascimating beeaviors in dplphin pbds communicatinb throuph sophisicated pattrns of cliks an whistoes underwwter.,Jarine biologista obserrved fascimating beeaviors in dplphin pbds communicatinb throuph sophisicated pattrns of cliks an whistoes underwwter.,0.7308379411697388,1.2089979648590088,17
8,Marine biologists observed fascinating behaviors in dolphin pods communicating through sophisticated patterns of clicks and whistles underwater.,0.15000000000000002,Marime biologksts obsetved fasconating beehaviors in dolphih poxs communicaging jhrough sophisticates patteens of xlicks nd whistlrs underwatzr.,Marime biologksts obsetved fasconating beehaviors in dolphih poxs communicaging jhrough sophisticates patteens of xlicks nd whistlrs underwatzr.,0.6338958740234375,1.125962734222412,17
8,Marine biologists observed fascinating behaviors in dolphin pods communicating through sophisticated patterns of clicks and whistles underwater.,0.2,Mqrine ruologists observef fasciinatung behaviirs in dolphinn podds cogmunicaying throough sophiswicayed patternss of cicks anr whkstles unrefwater.,Mqrine ruologists observef fasciinatung behaviirs in dolphinn podds cogmunicaying throough sophiswicayed patternss of cicks anr whkstles unrefwater.,0.39405524730682373,0.8877559304237366,17
8,Marine biologists observed fascinating behaviors in dolphin pods communicating through sophisticated patterns of clicks and whistles underwater.,0.25,Karine biokogistd observvex fascinatungg bzhaiors in ddolphin poods communocatune tthrough sopphisticaatted ppatteens of cicks an whisjls dndrwater.,Karine biokogistd observvex fascinatungg bzhaiors in ddolphin poods communocatune tthrough sopphisticaatted ppatteens of cicks an whisjls dndrwater.,0.7559896111488342,1.2296257019042969,17
8,Marine biologists observed fascinating behaviors in dolphin pods communicating through sophisticated patterns of clicks and whistles underwater.,0.30000000000000004,Narine iolpgests ogservec faxccznating behzvkors in dollhi podds czmmunictwng tthroubh ssophistticqted patttens of cclicks nd whhistes unddsewater.,Narine iolpgests ogservec faxccznating behzvkors in dollhi podds czmmunictwng tthroubh ssophistticqted patttens of cclicks nd whhistes unddsewater.,0.6934683322906494,1.1776827573776245,17
8,Marine biologists observed fascinating behaviors in dolphin pods communicating through sophisticated patterns of clicks and whistles underwater.,0.35000000000000003,Mwfine biolphihts ogsdrved faasciatinng bejavuoors in colphib pds commujicwyinng tthrouugh sophittivwtd pattwrnns of coick ajd whistez undrrlateer.,Mwfine biolphihts ogsdrved faasciatinng bejavuoors in colphib pds commujicwyinng tthrouugh sophittivwtd pattwrnns of coick ajd whistez undrrlateer.,0.8746572732925415,1.3226165771484375,17
8,Marine biologists observed fascinating behaviors in dolphin pods communicating through sophisticated patterns of clicks and whistles underwater.,0.4,Matime boyoogiists obnefced fasdinqyimg ehavibrss in dolkin poes commmunivtinni tgrogh sgphistkcaees pagerjs of cclick an whistllsss unerrer.,Matime boyoogiists obnefced fasdinqyimg ehavibrss in dolkin poes,0.9110230803489685,1.3498319387435913,17
8,Marine biologists observed fascinating behaviors in dolphin pods communicating through sophisticated patterns of clicks and whistles underwater.,0.45,Mare biooogsyss oiservr fpwdinatinng bejaaios in dlphiinn poss fommuunictdhg ohroighh solhhosticatdr pattqerfs of xlicts nd whuslis umddwfwater.,Mare biooogsyss oiservr fpwdinatinng bejaaios in dlphiinn poss,0.7606527805328369,1.233412265777588,17
8,Marine biologists observed fascinating behaviors in dolphin pods communicating through sophisticated patterns of clicks and whistles underwater.,0.5,Mnridd xkopofistts oarrve ascknaib behhsvos in dolh ppors coommuuiftijg troygy sphittecayef pptterrgs of pxcks amd whgsstye jndwatrq.,Mnridd xkopofistts oarrve ascknaib behhsvos in dolh ppors,0.878410816192627,1.3254514932632446,17
9,Climate researchers monitor glacial melting rates in Antarctica to better understand long-term environmental changes and their impacts.,0.0,Climate researchers monitor glacial melting rates in Antarctica to better understand long-term environmental changes and their impacts.,Climate researchers monitor glacial melting rates in Antarctica to better understand long-term environmental changes and their impacts.,0.0,0.0,17
9,Climate researchers monitor glacial melting rates in Antarctica to better understand long-term environmental changes and their impacts.,0.05,CClimate resarchers minitor glaciaal mlting rrates in Antactica to beyter ynderstand long-tera environmentay changees ad thheir impaccts.,CClimate resarchers minitor glaciaal mlting rrates in Antactica to beyter ynderstand long-tera environmentay changees ad thheir impaccts.,0.8682476282119751,1.3177614212036133,17
9,Climate researchers monitor glacial melting rates in Antarctica to better understand long-term environmental changes and their impacts.,0.1,Clumate researcherr monitof glaxial mmelting fates in Antarcticw to bdtter unverstand long-tetm eivironmental changei ans theirr ipacts.,Clumate researcherr monitof glaxial mmelting fates in Antarcticw to bdtter unverstand long-tetm eivironmental changei ans theirr ipacts.,0.49310213327407837,0.9930782318115234,17
9,Climate researchers monitor glacial melting rates in Antarctica to better understand long-term environmental changes and their impacts.,0.15000000000000002,Climte reseearchers monior glaciall meltimg raates in Antrctica to bettter unferstand long-terj environmeental chanves andd thir impasts.,Climte reseearchers monior glaciall meltimg raates in Antrctica to bettter unferstand long-terj environmeental chanves andd thir impasts.,0.5999506711959839,1.095400094985962,17
9,Climate researchers monitor glacial melting rates in Antarctica to better understand long-term environmental changes and their impacts.,0.2,Ulimate ressrchers monitr glacian mwlting tates in Qnrarctica to bette undwustand lng-term environnental chahges anm sheir immpacts.,Ulimate ressrchers monitr glacian mwlting tates in Qnrarctica to bette undwust& lng-term environnental chahges anm sheir immpacts.,0.9300856590270996,1.36388099193573,17
9,Climate researchers monitor glacial melting rates in Antarctica to better understand long-term environmental changes and their impacts.,0.25,Climat reserchecs ponitor glaacial meltink ates in Antlkctica to bemter qndersuand bong-terj ensironmetam chances znd thqir impzcrs.,Climat reserchecs ponitor glaacial meltink ates in Antlkctica to bemter qndersu& bong-terj ensironmetam chances znd thqir impzcrs.,0.8580925464630127,1.3100324869155884,17
9,Climate researchers monitor glacial melting rates in Antarctica to better understand long-term environmental changes and their impacts.,0.30000000000000004,Climmatr reseswchrrs mnitgr glscial mmeltinv ratess in AAnttarctoca to betrer nverstwnd oong-tefm wnvironeental chajles annd thwir ipacta.,Climmatr reseswchrrs mnitgr glscial mmeltinv ratess in AAnttarctoca to betrer nverstwnd oong-tefm wnvironeental chajles annd thwir ipacta.,0.9430579543113708,1.3733594417572021,17
9,Climate researchers monitor glacial melting rates in Antarctica to better understand long-term environmental changes and their impacts.,0.35000000000000003,Cluate rwsesrcherc mojitlr glciall mektins rate in Anarrctics to yetterr undrrtamd lonn-twrn nvoronmsktal hangeo an thir impsctc.,Cluate rwsesrcherc mojitlr glciall mektins rate in Anarrctics to yetterr undrrtamd lonn-twrn nvoronmsktal hangeo an thir impsctc.,1.0101032257080078,1.421339750289917,17
9,Climate researchers monitor glacial melting rates in Antarctica to better understand long-term environmental changes and their impacts.,0.4,CClimaje researahhetss mfnittor glafcal meljinz rayss in Antaktiu to bertrr unxyfstan png-termm eenvirojenrgl cchanres ahd tubir imlaactu.,CClimaje researahhetss mfnittor glafcal meljinz rayss in Antaktiu,0.9351868629455566,1.367616057395935,17
9,Climate researchers monitor glacial melting rates in Antarctica to better understand long-term environmental changes and their impacts.,0.45,Xlimstte uesaechrs fnutor gzsial mmmltkng rayees in Antjrtfca to betpee jnderan bobg-teer enviifunmmentxl chahness annd tzei onpacts.,Xlimstte uesaechrs fnutor gzsial mmmltkng rayees in Antjrtfca,0.9293980002403259,1.3633767366409302,17
9,Climate researchers monitor glacial melting rates in Antarctica to better understand long-term environmental changes and their impacts.,0.5,CClimwge reeaechrs monnoror gllacqwl neltug roges in Quyarctidq to etrr undsrrayafd kim-term snfiownmenntsl chngrs ajd tjwir iimpqdtss.,CClimwge reeaechrs monnoror gllacqwl neltug roges in Quyarctidq,0.9807201623916626,1.4005143642425537,17
10,Archaeological excavations revealed intricate Roman mosaics and artifacts that provide insights into daily life two thousand years ago.,0.0,Archaeological excavations revealed intricate Roman mosaics and artifacts that provide insights into daily life two thousand years ago.,Archaeological excavations revealed intricate Roman mosaics and artifacts that provide insights into daily life two thousand years ago.,0.0,0.0,18
10,Archaeological excavations revealed intricate Roman mosaics and artifacts that provide insights into daily life two thousand years ago.,0.05,Archaeoological dxcavations revaled intrivate Romcn kosaics qnd argifacts tbat peovide nsights innto raily lif ywo thgusand yeafs ag.,Archaeoological dxcavations revaled intrivate Romcn kosaics qnd argifacts tbat peovide nsights innto raily lif ywo thgusand yeafs ag.,0.612507700920105,1.1068041324615479,18
10,Archaeological excavations revealed intricate Roman mosaics and artifacts that provide insights into daily life two thousand years ago.,0.1,Archaeologicaal excavitions revealwd intricaye Romann mosqics ald artiifacts tat provids innsights innto dzily lif tno housand yeafs zgo.,Archaeologicaal excavitions revealwd intricaye Romann mosqics ald artiifacts tat provids innsights innto dzily lif tno housand yeafs zgo.,0.44806063175201416,0.9466368556022644,18
10,Archaeological excavations revealed intricate Roman mosaics and artifacts that provide insights into daily life two thousand years ago.,0.15000000000000002,Arcpaeologcal excavationx revaled intricte Rman mosaiccs andd artifats tthat providee onsights intto dqily lift ttwo tthousand yars aggo.,Arcpaeologcal excavationx revaled intricte Rman mosaiccs andd artifats tthat providee onsights intto dqily lift ttwo tthousand yars aggo.,0.5734275579452515,1.070913314819336,18
10,Archaeological excavations revealed intricate Roman mosaics and artifacts that provide insights into daily life two thousand years ago.,0.2,Archseolgical wxcvations revealqd intricqte Romah mosaiccs annd articacts tht privide insiights intt caily liffe twwo rhousand yeaars abo.,Archseolgical wxcvations revealqd intricqte Romah mosaiccs annd articacts tht privide insiights intt caily liffe twwo rhous& yeaars abo.,0.6286625862121582,1.121304988861084,18
10,Archaeological excavations revealed intricate Roman mosaics and artifacts that provide insights into daily life two thousand years ago.,0.25,Arharologicaal excafations rveale intriccaue Romah moosaics wnd arrtiacts ahat orovide ibights ino dailly ife tso hounand yeafs go.,Arharologicaal excafations rveale intriccaue Romah moosaics wnd arrtiacts ahat orovide ibights ino dailly ife tso houn& yeafs go.,0.8215566277503967,1.2818398475646973,18
10,Archaeological excavations revealed intricate Roman mosaics and artifacts that provide insights into daily life two thousand years ago.,0.30000000000000004,Wrcaelugical rxaavations revealeedd qnpricate Foman mosaacs ans artifacttz xhat proviee ibsigghts int saily lifw twwo twousanf yearw agi.,Wrcaelugical rxaavations revealeedd qnpricate Foman mosaacs ans artifacttz xhat proviee ibsigghts int saily lifw twwo twousanf yearw agi.,0.7041680812835693,1.186733365058899,18
10,Archaeological excavations revealed intricate Roman mosaics and artifacts that provide insights into daily life two thousand years ago.,0.35000000000000003,AArchaeoloblcql excavatnobh rreveald innricaae Ronan moosaicw znd hrtifqcrs tat proxidee insigha ijto davly lifw twi thooysand ears ato.,AArchaeoloblcql excavatnobh rreveald innricaae Ronan moosaicw znd hrtifqcrs tat proxidee insigha ijto davly lifw twi thooys& ears ato.,0.870021641254425,1.3191070556640625,18
10,Archaeological excavations revealed intricate Roman mosaics and artifacts that provide insights into daily life two thousand years ago.,0.4,AAdhapoloyical ezcavaioza fwfealed iatrcaate Romqb mopais annd artiifcta tha pproide inwigltss inho dwiily lfe tqo yhhousand yezfs go.,AAdhapoloyical ezcavaioza fwfealed iatrcaate Romqb mopais annd artiifcta tha,0.8732798099517822,1.3215746879577637,18
10,Archaeological excavations revealed intricate Roman mosaics and artifacts that provide insights into daily life two thousand years ago.,0.45,Wrcyaolohicaa eexcsvqtiens rrvealsd inntriicwre Fooman missocs wnd attiffaccs thaat rofide insiigjtx intto xaiily llife tw houusajd teaus dgo.,Wrcyaolohicaa eexcsvqtiens rrvealsd inntriicwre Fooman missocs wnd attiffaccs thaat,0.8134269714355469,1.275481939315796,18
10,Archaeological excavations revealed intricate Roman mosaics and artifacts that provide insights into daily life two thousand years ago.,0.5,Aechaooicq eexcaevion revvwped ihriccage Rommann mossaakcs ad wttifatts jhatt orividee wnnskgkts iggo railyy eifee twoo whhousannp yezts mg.,Aechaooicq eexcaevion revvwped ihriccage Rommann mossaakcs ad wttifatts jhatt,0.78401780128479,1.2522122859954834,18
